ambigu,terjemahan
aa,a
aahh,ah
aamiin,amin
aamiin,amin
aamiinn,amin
aayy,ay
abangg,abang
abis,habis
abisin,habisin
acantik,cantik
accesoris,aksesoris
ad,ada
adaa,ada
adabdasar,adab dasar
adacintaku,ada cintaku
add,tambahkan
ade,adik
adek,adik
adl,adalah
adsense,iklan
aduhh,aduh
aduhhh,aduh
advance,terdepan
ae,saja
aee,saja
aga,sedikit
agansista,kakak
ahahahahorang,haha orang
ahh,ah
ahir,akhir
aja,saja
ajaa,saja
ajah,saja
ajalo,saja kamu
aje,saja
ajee,saja
ajg,anjing
ajh,saja
ak,aku
akhirakhir,akhir-akhir
aki,aku
akjm,akhir jaman
akku,aku
aktuh,aku tuh
akua,aqua
akutapi,aku tetapi
akutu,aku itu
akuu,aku
akuuu,aku
ala,khas
alaaaah,alah
alaah,alah
alahh,alah
alamidan,dan
alaminehhsalah,alamin ini salah
alhamd,alhamdulillah
alia,alias
all,semua
alloh,allah
alm,almarhum
always,selalu
am,adalah
ama,sama
amat,sangat
ambyarr,hancur
amiin,amin
aminn,amin
ampe,sampai
ampe,sampe
ampee,sampai
ampunsemoga,ampun semoga
ampuun,ampun
ampuunn,ampun
ampuunn,ampun
amve,sampai
anaklu,anak kamu
anaknyaa,anaknya
anaknyaaa,anaknya
ancur,hancur
anj,anjing
anjeer,anjir
anjeng,anjing
anjg,anjing
anjhayy,anjay
anjhayy,ini tidak
anjink,anjing
anjirr,anjir
anjirrer,anjir
anjng,anjing
ank,anak
anknya,anaknya
anutan,panutan
aowkwk,wk
apaa,apa
apaanpostingan,apaan postingan
apaansi,apaan sih
apaansih,apaan sih
apaapaan,apa-apaan
apabisa,apa saja bisa
apan,apa
apapunn,apapun
apapunnn,apapun
apasi,apaan sih
apasih,apa sih
apausah,apa perlu
ape,apa
aplotannya,upload
apus,hapus
apusin,hapus
aq,aku
are,adalah
artiss,kakak
artissss,artis
arts,artis
asi,air susu ibu
asiap,siap
asik,asyik
asik,asyik
ask,tanya
astagaa,astaga
astaufirlohhh,astagfirullah
ati,hati
atii,hati
attitude,perilaku
australi,australia
auto,otomatis
awkarinkta,awkarin kata
aww,aw
ayahh,ayah
ayas,saya
aying,anying
ayok,ayo
ayoo,ayo
azan,adzan
baadan,badan
babang,abang
babe,ayah
babiq,babi
baby,bayi
babynya,bayinya
bacaa,baca
bacaaa,baca
bacadah,baca
back,kembali
bacod,bacot
bacol,bahan coli
bacoot,bacot
bacoott,banyak bicara
bacott,bacot
bacottt,bacot
badancoba,badan coba
badjingan,bajingan
bagaimna,bagaimana
bagiain,membahagiakan
bahagiaa,bahagia
bahagiaaa,bahagia
bahagiaaaa,bahagia
bahagiamubahagiaku,bahagiamu bahagiaku
bahagiastop,bahagia berhenti
baikbaik,baik baik
baikbaik,baik baik
baiksemoga,baik semoga
baikukau,baikku kau
bancii,banci
bang,abang
bangad,abang ada
bangat,banget
bangeet,banget
bangeett,banget
bangetlu,banget lu
bangett,banget
bangettt,banget
bangetttt,banget
bangetttttt,banget
bangg,abang
bangg,abang
banggggg,abang
bangharus,bang harus
bangsad,bangsat
bangsadd,bangsat
bangsatt,bangsat
banyaak,banyak
banyakan,terlalu banyak
banyakkk,banyak
baper,bawa perasaan
baperan,bawa perasaaan
barukartu,baru kartu
basii,tidak menarik
bat,banget
bcakapnya,berbicaranya
bcanya,bacanya
be,menjadi
beautiful,cantik
beb,sayang
bebassss,bebas
bebaswoaaww,bebas wow
bebaswoaawwww,bebas
bebs,sayang
bebulu,berbulu
becandaanny,bercandaannya
before,sebelumnya
beginiastaghfirullah,begini astagfirullah
begoo,begok
begoo,begok
begosih,begok sih
beljr,belajar
belom,belum
bemaluu,punya malu
benarbenar,benar benar
benernya,benarnya
bengep,bengap
bengepin,bengapin
berbaktii,berbakti
berhatihati,berhati hati
berhentimaafmu,berhenti maafmu
beroleh,memperoleh
berrkkkuuaaallliittass,berkualitas
berrkkuuaalliittass,berkualitas
berrminyaaak,berminyak
berrminyaak,berminyak
bersabdasesungguhnya,bersabda sesungguhnya
bersihbersih,bersih bersih
bersihh,bersih
bersihhh,bersih
bersina,berzina
berterimakasih,berterima kasih
beryukur,bersyukur
besstt,terbaik
besstttt,terbaik
best,terbaik
bet,banget
bft,banget
bg,abang
bgd,banget
bget,banget
bgpasti,abang pasti
bgsd,bangsat
bgst,bangsat
bgstt,bangsat
bgt,banget
bgtsih,banget sih
bgtt,banget
bgttt,banget
bhahahahaha,haha
biaar,biar
biarmakin,biar makin
big,besar
bigthanks,terima kasih banyak
bik,baik
bimbel,bimbingan belajar
bimbelmnrt,bimbingan belajar menurut
bini,istri
bininya,istrinya
biruu,biru
biruuuuu,biru
bisaa,bisa
bisaaa,bisa
bisalihatpertumbuhantiiinggiiidengancepatmasihbanyakprmlho,bisa lihat pertumbuhan tinggi dengan cepat masih banyak promo lho
bisalihatpertumbuhantiinggiidengancepatmasihbanyakprmlho,bisa lihat pertumbuhan tinggi dengan cepat masih banyak promosi lho
bising,berisik
bkn,bukan
blakang,belakang
blas,sama sekali
blass,sama sekali
blasss,sama sekali
bles,balas
bli,beli
bliin,membelikan
bljr,belajar
blm,belum
bln,bulan
blng,bilang
blok,blokir
blom,belum
bls,balas
blum,belum
bm,black market
bner,benar
bng,abang
bnget,banget
bngsat,bangsat
bngsatt,bangsat
bngsatttt,bangsat
bngt,banget
bnrn,beneran
bnyak,banyak
bnyak,banyak
bnyk,banyak
body,tubuh
bokongg,bokong
bolasepak,bola sepak
bole,boleh
bolehan,boleh
boongan,bohongan
bosque,bosku
boss,bos
bossku,bosku
bosss,bos
bouss,bos
bousss,bos
boy,lelaki
boykarya,karya
brantem,berantem
brapa,berapa
breng,bareng
brokusukses,saudaraku sukses
bromau,bro mau
broo,bro
brooo,bro
brooooo,bro
bru,baru
bs,bisa
bsa,bisa
bsk,besok
bu,ibu
buatt,buat
buattt,buat
buaty,buat
buchiiiiiinnn,butuh cinta
buchiinn,butuh cinta
bucin,butuh cinta
buhh,buh
bun,bunda
bundamengapa,bunda mengapa
bundir,mundur
buriq,burik
burit,burik
burukk,buruk
buseet,buset
but,tetapi
buu,ibu
buychinn,butuh cinta
buychinnnnn,butuh cinta
bye,selamat tinggal
byk,banyak
caaraa,cara
cabull,cabul
cabulll,cabul
cakepp,cakep
canikkk,cantik
cantik,cantik
cantikk,cantik
cantikkknya,cantiknya
cantikknya,cantiknya
cantikmommy,cantik ibu
canting,cantik
caperr,cari perhatian
caperrrr,cari perhatian
caraa,cara
caraaa,cara
caraaa,cara
care,peduli
cc,keterangan
ccuummaa,cuma
ccuuummaa,hanya
cd,celana dalam
cecurut,curut
cekk,cek
cekkk,cek
cem,macam
cemen,pengecut
cepeet,cepet
cewe,cewek
cewee,cewek
challenge,tantangan
champion,juara
check,cek
ciee,cie
cieeeeee,cie
cih,sih
cii,si
cintahh,cinta
cintahhhhh,cinta
cintalove,cinta
cintaohh,cinta
cintatas,cinta tas
cinte,cinta
ciumanpengen,ciuman ingin
cm,cuma
cma,hanya
cmn,hanya
cntx,cantik
cobak,coba
cokklatmu,coklatmu
colab,kolaborasi
comel,imut
comell,lucu
comelllllllll,imut
comen,komentar
coment,komen
coment,komentar
comment,komentar
commentnyaa,komentarnya
commentnyaaaa,komentarnya
congrat,selamat
congrats,selamat
congratss,selamat
congratsssss,selamat
congratulatulation,selamat
content,konten
copy,menggandakan
coretcoret,corat coret
could,dapat
cowo,cowok
cowoo,cowok
coz,karena
cpt,cepat
cuco,cocok
cuihh,cuih
cumaa,cuma
cumab,cuma
cuman,hanya
cute,imut
cuuiihh,cuih
cuuy,cuy
cuyhahahahabasi,cuy haha basi
cw,cewek
cwe,cewek
cwk,cewek
cyduk,ciduk
d,di
da,ada
daan,dan
daasar,dasar
dah,deh
dahh,sudah
dahhh,sudah
dak,tidak
dakii,daki
dalem,dalam
dann,dan
dannn,dan
dapet,dapat
daqi,daki
darii,dari
dariii,dari
darimananya,dari mananya
dasartukangsapuurakan,dasar tukang sapu urakan
ddi,di
dear,teruntuk
dech,deh
dedek,adik
deeh,deh
deengaan,dengan
degdeg,berdegup kencang
demen,suka
dengaan,dengan
depo,deposit
deqil,dekil
derajjat,derajat
dg,dengan
dgmu,denganmu
dgn,dengan
dh,sudah
diaa,dia
diahingga,dia sehingga
dicarii,dicari
dich,idih
die,dia
diettttt,diet
dih,idih
dihuhat,dihujat
dii,di
diii,di
diiledekk,diledek
diisiinnii,disini
diisinii,disini
diisiniii,disini
dijadiin,dijadikan
dikasi,diberi
dilihatt,dilihat
diomongin,dibicarakan
dipakaicoba,dipakai coba
dipake,dipakai
dipakek,dipakai
disebutt,disebut
disiasiain,disia siakan
disitusitu,disitu situ
disosmed,disosial media
ditepok,ditepuk
dj,disc jokey
dllmdan lain-lain
dlm,dalam
dlu,dahulu
dluu,dahulu
dm,pesan singkat
dminny,adminnya
dmn,dimana
dmwa,pesan singkat whatsapp
dn,dan
dngar,dengar
do,lakukan
doakuterima,doaku terima
doi,dia
doimandiin,dimandikan
dokterdokter,dokter dokter
dongoo,dongo
dongoodangkalcari,dongo dangkal cari
donk,dong
doong,dong
dooong,dong
down,terpuruk
dp,uang muka
dpat,dapat
dpt,dapat
dr,dari
drpd,daripada
dsr,dasar
dteng,datang
due,dua
duh,aduh
duhh,aduh
duid,uang
duit,uang
dunniiaa,dunia
dunniiaaa,dunia
duuh,aduh
duuuuh,aduh
ea,ya
eanjeng,anjing
ee,tai
eehh,eh
eenaque,enak
eksotis,exotis
elo,kamu
elu,kamu
eluu,kamu
emang,memang
embak,kakak
emg,memang
emng,memang
empukk,empuk
empukkk,empuk
enaaaak,enak
enaak,enak
enemy,musuh
engga,tidak
enjoy,nikmati
enjoyy,nikmati
enjoyyy,enjoy
etitude,perilaku
ett,et
euforia,suka cita
euyy,woy
ever,pernah
everything,segalanya
ewe,berhubungan badan
exotiss,exotis
exotisss,eksotis
faedah,manfaat
faedahnya,manfaatnya
famous,terkenal
fan,penggemar
fana,hanya sementara
fans,penggemar
fast,cepat
father,ayah
feed,tampilan
feedback,respon
feeds,tampilan
fersi,versi
fhoto,photo
figure,figur
fikir,pikir
fine,baik baik saja
first,pertama
fitness,fitnes
fokuss,fokus
follback,ikuti balik
follow,ikuti
followan,saling mengikuti
follower,pengikut
followers,pengikut
followini,ikuti ini
follw,mengikuti
for,untuk
fotbar,foto bareng
fto,foto
fulgar,vulgar
full,penuh
furniture,perabotan
g,tidak
ga,tidak
gaada,tidak ada
gaakan,tidak akan
gabaik,tidak baik
gabakal,tidak akan
gabetahh,tidak betah
gabisa,tidak bisa
gaboleh,tidak boleh
gada,tidak ada
gaenak,tidak enak
gajadi,tidak jadi
gajelas,tidak jelas
gajih,gaji
gajls,tidak jelas
gak,tidak
gakbaik,tidak baik
gakiliatan,tidak terlihat
gakk,tidak
gakkk,tidak
gaksih,tidak sih
gaktau,tidak tahu
gakusah,tidak usah
galakgalak,galak-galak
gamasok,tidak masuk
gap,kepergok
gapaham,tidak paham
gapake,tidak pakai
gapapa,tidak apa-apa
gaperawan,tidak perawan
gaperlu,tidak perlu
gaperna,tidak pernah
gapernah,tidak pernah
gara,karena
gatau,tidak tahu
gataunya,tidak tahunya
gaull,gaul
gaullll,gaul
gausah,tidak usah
gb,gigabytes
gbcek,gigabytes cek
gblk,bodoh
gblok,goblok
gbu,semoga tuhan memberkatimu
gebuqin,gebukin
gedenye,besarnya
gegara,karena
gelii,geli
geliiii,geli
gemay,gemas
gemayy,gemas
gemesh,gemas
gemess,gemes
gemessss,gemas
gemukk,gemuk
gendats,gendut
genes,gemas
geratis,gratis
geratis,gratis
geratiss,geratis
get,dapat
getol,sering
gg,bagus
gibah,ghibah
gibah,ghibah
gilak,gila
gilaseh,gila sih
gillaasehh,gila sih
gilllaaaasehhhh,gila sih
gils,gila
gimaana,bagaimana
gimana,bagaimana
gimanaaaa,bagaimana
gini,begini
gitu,begitu
gituloh,begitu lho
give,memberi
giveawanya,bagi-bagi hadiahnya
giveaway,bagi-bagi hadiah
giveawaynya,bagi-bagi hadiahnya
gjls,tidak jelas
gk,tidak
gk,tidak
gkk,tidak
glowing,berkilau
gmana,bagaimana
gmn,bagaimana
gmna,bagaimana
gn,begini
gni,begini
goblog,goblok
goblogg,goblok
goblokk,goblok
goblokkkkk,goblok
goblox,goblok
godbless,semoga tuhan memberkati
good,baik
goodjob,pekerjaan bagus
goodluck,semoga beruntung
goronggorong,gorong gorong
gpp,tidak apa-apa
graatiss,gratis
gregett,greget
gt,begitu
gtu,begitu
gtugw,begitu gue
gua,gue
guarantee,garansi
guee,gue
gueee,gue
gulan,gula
guoblok,goblok
guoblokk,goblok
guoblokkkkk,goblok
gw,saya
gws,cepat sembuh
gws,semoga cepat sembuh
gwsampe,saya sampai
gwsgak,gws tidak
haallllooo,halo
haalloo,halo
hahaa,haha
hahah,wk
hahaha,haha
hahaha,wk
hahahaa,haha
hahahaa,haha
hahahaha,haha
hahahahaha,haha
hahahhahahaaha,haha
hahhahaha,haha
halaaaaah,halah
halaah,halah
halllloooo,halo
hallo,halo
halloo,halo
hallooo,halo
halloteruntuk,halo teruntuk
halu,halusinasi
haluu,halusinasi
haluuu,halusinasi
hamill,hamil
haran,haram
harianmingguanbulanan,harian mingguan bulanan
harri,hari
haruss,harus
hatersnya,hatersnya
hatihati,hati-hati
hatikalo,hati hati kalau
hatikalo,hati hati kalau
hatur,terima
havinf,memiliki
heaters,haters
hehehe,hehe
hehehehe,hehe
heiiisehat,hai sehat
heiisehat,hey sehat
here,disini
heter,haters
heterteruslah,haters teruslah
heww,huwek
hewww,hu
hh,haha
hhhhy,hhh
hhmm,hm
hhmmm,hm
hhy,haha
hidupkirain,hidup saya kira
hiduup,hidup
hiduuup,mayat
hiitaam,hitam
hijap,hijab
hmm,hm
hmmm,hm
hoax,berita palsu
hooams,hoam
hoooams,hoam
hot,panas
hott,panas
hrga,harga
hrs,harus
huaa,hua
human,manusia
huu,hu
huubungii,mudah
huuuuu,hu
huwekk,huwek
huyhuyy,woy
I,saya
i,saya
iddiihh,idih
iddiiihhh,jijik
idihh,idih
idihhhh,idih
idiihh,idih
idup,hidup
ig,instagram
igkuu,instagramku
ihh,ih
ihhh,ih
ikhlasudh,ikhlas sudah
iki,ini
ilee,elah
illness,gangguan
ily,aku sayang kamu
im,saya
image,gambar
imaging,penggambaran
impan,impian
impor,dari luar negri
import,dari luar negri
in,dalam
indo,indonesia
inimari,ini mari
iniprestasinya,ini prestasinya
initpi,ini tapi
innalillahiwainnailaihirojiun,innalillahi wainailahi rojiun
innstagram,instagram
instagraaammm,instagram
instagraamm,instagram
instagrambukan,instagram bukan
instgraamm,instagram
instgraammmm,instagram
invite,undang
ishh,ih
ishhh,ih
it,itu
its,ini
ituh,itu
itusih,itu sih
ituu,itu
ituuu,itu
iyaah,ya
iyh,ih
iykwim,jika kamu paham apa yang saya maksud
iyuh,jijik
j,saja
jaangan,jangan
jadiin,jadikan
jahatlex,jahat lex
jahatt,jahat
jahatttt,jahat
jahatyounglex,jahat younglex
jama,zaman
jaman,zaman
jan,jangan
jangann,jangan
jangannn,jangan
janggan,jangan
jasatulisskripsi,jasa tulis skripsi
jassa,jasa
jatoh,jatuh
jatohnya,jatuhnya
jauhbutt,jauh tapi
jauncok,jancuk
jd,jadi
jdi,jadi
jerawwatan,jerawatan
jg,juga
jga,juga
jgan,jangan
jgn,jangan
jigong,kotoran gigi
jiji,jijik
jijii,jijik
jijikk,jijik
jijikkkkkkkkk,jijik
jijique,jijik
jijyq,jijik
jir,anjir
jj,jijik
jktdaerah,jakarta daerah
jleb,menusuk
jlex,jelek
jmn,zaman
job,pekerjaan
join,gabung
journey,petualangan
jt,juta
jua,juga
junjungann,junjungan
jyjyck,jijik
k,ribu
ka,kakak
kaa,kakak
kaaa,kakak
kaakk,kakak
kaamii,kami
kaburr,kabur
kacaw,kacau
kaga,tidak
kagak,tidak
kagetbangeeettt,kaget banget
kagetbangeett,kaget banget
kak,kakak
kaka,kakak
kakaa,kakak
kakaaa,kakak
kakaada,kakak ada
kakakelas,kakak kelas
kakarin,kak karin
kakel,kakak kelas
kakita,kakak kita
kakk,kakak
kakkk,kakak
kalaauu,kalau
kalaauuu,kalau
kalengkaleng,kaleng-kaleng
kali,sangat
kalo,kalau
kammii,kami
kammiii,kami
kammu,kamu
kamprett,kampret
kamprettt,kampret
kamusemoga,kamu semoga
kamvret,kampret
kananbln,kanan bulan
kanangb,kanan gigabytes
kanangbkpcs,kanan gigabytes per paket
kang,tukang
kao,kamu
kapanpun,kapanpun
kapanpunn,kapanpun
kareenaa,karena
kariiiiin,karin
kariin,karin
kariinn,karin
karinn,karin
karna,karena
kasi,kasih
kasiaaaan,kasihan
kasiaan,kasihan
kasihh,kasih
kasitau,beri tahu
kate,kata
kauu,kau
kayaa,kaya
kayaaa,seperti
kayak,seperti
kayknya,sepertinya
kdng,kadang
kdrt,kekerasan dalam rumah tangga
kebnyakan,kebanyakan
kebucinan,kemesraan
kece,keren
kecebadaii,keren banget
keceparah,keren parah
kedapetan,kedapatan
keeeluhaan,keluhan
keeluhaan,keluhan
keep,tetap
kegedean,terlalu besar
kehamilannyah,kehamilannya
keinjek,terinjak
kek,seperti
kelarin,selesaikan
keleus,kali
kelex,kau lex
kemane,kemana
kembarr,kembar
kenape,kenapa
kenbrnyaistri,kembaran istri
kencil,kecil
kepo,ketahui lebih
kepoin,ketahui lebih
kereeen,keren
kerenn,keren
kesulawesi,ke sulawesi
ketidakpedulian,ketidak pedulian
ketidakpercayaan,ketidak percayaan
ketiqa,ketika
kg,kilogram
kga,tidak
kgiatan,kegiatan
khe,ke
khilap,khilaf
kiraen,kirain
kirakira,kira-kira
kirimankuu,kiriman ku
kirimankuuu,kirimanku
kitaa,kita
kitaaa,kita
kitaready,kita siap
kk,kakak
klakuan,kelakuan
klian,kalian
kliatan,terlihat
klo,kalau
km,kamu
kmu,kamu
kn,akan
knapa,kenapa
kntl,kontol
kntll,kontol
knytaan,kenyataan
ko,kok
kog,kok
kolab,kolaborasi
kolek,kau lex
komen,komentar
komenn,komentar
koment,komentar
kompakk,kompak
kompakkk,kompak
konsul,konsultasi
konsulkn,konsultasikan
konsullltasiinya,konsultasinya
konsulltasiinya,konsultasinya
kontoi,kontol
koq,kok
kpan,kapan
kpcs,ribu per paket
kpd,kepada
kpi,komisi penyiaran indonesia
kpn,kapan
kpo,pop korea
kpop,pop korea
kpoper,penggemar pop korea
kpopers,penggemar pop korea
kpoperss,penggemar pop korea
kpoperssss,penggemar pop korea
krn,karena
krna,karena
kta,kata
kuasaaamin,kuasa amin
kuasaamin,kuasa amin
kuatdan,kuat dan
kui,itu
kuker,kurang kerjaan
kuliit,kulit
kuliitt,kulit
kuliittt,kulit
kullitt,kulit
kullittt,kulit
kun,akun
kupikirpikira,ku pikir-pikir
kuruss,kurus
kusaam,kusam
kuu,ku
kuuliit,kulit
kuunjungii,kunjungi
kuunjungiii,kunjungi
kwuatir,khawatir
kya,seperti
kyak,seperti
kyk,seperti
kyut,imut
laa,lah
laagi,lagi
lagii,lagi
lagii,lagi
lagiii,lagi
lahiranundang,lahiran undang
lainjangan,lain jangan
lakilaki,laki laki
land,tanah
langsingg,langsing
lanut,lanjut
laporin,laporkan
lawannn,lawan
lembekk,lembek
lexanjir,lex anjir
lexkalo,lex kalau
lexromntis,lex romantis
lexsipp,lex sip
lexx,lex
lg,lagi
lgsg,langsung
liat,lihat
liatnya,lihatnya
liatnyaa,lihatnya
liatnyaaa,lihatnya
life,hidup
like,suka
likes,suka
link,alamat website
lo,kamu
local,lokal
loe,kamu
lohh,loh
lohkualitas,loh kualitas
lombamasih,lomba masih
lop,sayang
lope,sayang
lord,tuhan
love,sayang
love,suka
lovv,cinta
lovvvv,suka
low,rendah
lu,kamu
luarbiasaa,luar biasa
luck,beruntung
lucuddaeng,lucu
lucutemenin,lucu temenin
lucuu,lucu
luh,kamu
lunahalunya,luna halusinasi
luppaa,lupa
luppaaa,lupa
luu,kamu
luupa,lupa
lw,kamu
ma,sama
maafin,maafkan
maap,maaf
mabok,mabuk
maem,makan
mahakarya,maha karya
makananminuman,makanan minuman
makasar,makassar
makasi,terima kasih
makasih,terima kasih
makasihya,terima kasih ya
makasii,terima kasih
make,membuat
makenye,makannya
makeup,dandanan
makksangat,sangat
maluin,mempermalukan
maluu,malu
mamankk,abang
mamanya,ibunya
mamerin,memamerkan
mampos,mampus
mamposs,mampus
mamposss,mampus
mampush,mampus
mampuzz,mampus
mampuzzz,mampus
mandidekil,mandi dekil
mane,mana
manggunya,manggungnya
mantabb,mantap
mantapp,mantap
mantappp,mantap
manteb,mantap
manusya,manusia
manyalaa,menyala
mao,mau
mas,kakak
masalalu,masa lalu
masi,masih
match,memadukan
mauu,mau
mauu,mau
mauuu,mau
mayatt,mayat
maybe,mungkin
maza,masa
mba,kakak
mbaaak,kakak
mbaak,kakak
mbak,kakak
mbaku,kakakku
mbok,ibu
mean,rasa
mecingg,cocok
mecinggg,serasi
melumelu,malu malu
meme,bahan candaan
memex,memek
mempercrpat,mempercepat
menawanrindu,menawan rindu
mendukungmujgn,mendukungmu jangan
mengenalmudan,mengenalmu dan
menginspirask,menginspirasiku
mengonsumsi,mengkonsumsi
menikuti,mengikuti
meningal,meninggal
menjijijikkan,menjijikan
menjudge,menghakimi
mentangterkenalmau,mentang terkenal mau
merekaa,mereka
merekaaaaa,mereka
merekakrn,mereka karena
merokokkerja,merokok kerja
mesjid,masjid
mghina,menghina
mghinasetau,menghina setau
minder,kurang percaya diri
mingguu,minggu
minyum,minum
mirif,mirip
miriss,miris
mirissss,miris
misi,permisi
mix,campur
mlah,malah
mm,mama
mna,mana
mnghina,menghina
mngkin,mungkin
mnislembut,manis lembut
mnjadi,menjadi
mnrt,menurut
mnsia,manusia
mntan,mantan
mo,mau
moga,semoga
moge,semoga
mommy,ibu
mon,mohon
monangiiisss,mau menangis
monangiiss,mau menangis
monangis,mau menangis
monangiss,mau menangis
monangisss,mau menangis
money,uang
monmaap,mohon maaf
mood,suasana hati
moody,bergantung suasana hati
more,lebih
mpe,sampai
mrk,mereka
mtn,mantan
mudaaaa,muda
mudaha,mudah
mudahh,mudah
mudahhh,mudah
mudahhh,mudah
mukak,muka
mukanyaaaa,wajahnya
muke,muka
mukelu,muka kamu
multitelenan,multi talenta
mulu,melulu
muludarah,melulu darah
mulusputih,mulus putih
muraaaahh,murah
muraaah,murah
murahann,murahan
murahannnnnn,murahan
murhan,murahan
murmer,murah meriah
mutusin,memutuskan
mw,mau
my,ku
myself,diriku
na,nya
naajiiiss,najis
naajiiss,najis
naek,naik
naggepin,menanggapi
naikk,naik
nais,bagus
najeezz,najis
najes,najis
najezz,najis
najezzzzzzzz,najis
najing,najis
najiss,najis
najissmau,najis mau
najong,najis
nak,mau
nanggepi,menanggapi
nanggepi,menanggapi
nanggepi,menanggapi
nangkah,nangka
narkobaa,narkoba
narkobaaaa,narkoba
nato,bertato
ndak,tidak
ndut,gendut
negative,negatif
nego,negosiasi
nemenin,menemani
nempell,menempel
nempelll,nempel
neng,eneng
nerobos,menerobos
netijen,netizen
netijenjamannow,netizen zaman sekarang
netizen,warganet
next,selanjutnya
nextt,selanjutnya
ngacir,kabur
ngajarin,mengajarkan
ngak,tidak
ngancurin,menghancurkan
ngapa,kenapa
ngasi,memberi
ngasilin,menghasilkan
ngebacot,bacot
ngebelain,membela
ngefans,menjadi penggemar
ngefens,menjadi penggemar
ngehe,tau rasa
ngejalanin,menjalani
ngejelasinnerangin,menjelaskan
ngejijikin,menjijikan
ngelanggar,melanggar
ngelangkah,melangkah
ngentot,berhubungan badan
ngerasa,merasa
ngertiin,memahami
ngewe,berhubungan badan
ngga,tidak
nggak,tidak
nggk,tidak
ngillanginnya,menghilangkannya
ngingetin,mengingatkan
ngotott,ngotot
ngrsa,merasa
ngrtroll,ngetroll
ngusik,mengusik
ni,ini
ni,ini
nice,bagus
nichh,ini
nichhh,ini
nieh,ini
nih,ini
nihh,ini
nii,ini
nii,ini
niih,ini
niii,ini
nikahh,nikah
nikahhh,nikah
njayy,anjay
njayyy,anjay
njing,anjing
njir,anjir
njirr,anjir
nm,nama
noo,nomor
norakk,norak
norakkk,norak
now,sekarang
ntah,entah
ntar,nanti
ntol,kontol
ntr,nanti
nuajisshh,najis
nuajissshhh,najis
nuhun,kasih
ny,nya
nyaa,nya
nyaaa,nya
nyaaaa,nya
nyaaaahh,nya
nyaahh,nya
nyadem,adem
nyah,nya
nyampe,sampai
nye,nya
nyet,monyet
nyistri,istri
nysering,nya sering
oc,oke
oce,oke
oge,juga
ohh,oh
ohhh,oh
ok,oke
okee,oke
ol,online
online,daring
only,hanya
onta,unta
ootd,tampilan hari ini
ootdnya,tampilannya hari ini
op,operasi plastik
open,buka
opinion,opini
optrimax,optimal
oraaang,orang
oraang,orang
oranglain,orang lain
orangorang,orang orang
orderr,order
orderrr,pesan
org,orang
ori,original
orng,orang
orrder,pesan
orrrder,order
ortu,orang tua
ortunya,orang tuanya
otakk,otak
otakpemikiran,otak pemikiran
outfit,penampilan
owk,kok
pa,apa
paan,apaan
pah,papa
pahalu,paha kamu
pahamdongmaksudnya,paham dong maksudnya
pait,pahit
pak,bapak
pakain,pakaian
pake,pakai
pakee,pakai
pakek,pakai
pama,papa mama
panjaaatttpanjaaaatt,panjat panjat
panjaattpanjaatt,panjat panjat
pansoosss,panjat sosial
pansos,panjat sosial
pansosnya,panjat sosialnya
pansoss,panjat sosial
pantatlu,pantat kamu
pantatnya,pantatnya
pantatnyaa,pantatnya
pantatnyaaa,pantatnya
pantatnyaaaaaaaaa,pantatnya
panutanque,panutan ku
papi,ayah
papih,ayah
parahhh,parah
paranormaltokoh,paranormal tokoh
parfum,parfume
parfumenya,parfumnya
part,bagian
pcar,pacar
pcr,pacar
pcsada,paket ada
pd,percaya diri
pdhl,padahal
pecaaaah,pecah
pecaah,pecah
pedde,percaya diri
pede,percaya diri
peemuutiih,pemutih
pelacor,pelacur
pelanggsiinggnyaa,pelangsingnya
pembual,pembohong
pemes,terkenal
pemutihh,pemutih
pemutihhh,pemutih
pemuutihh,pemutih
pen,ingin
peneruh,penerus
pengeen,ingin
pengen,ingin
penggemukk,penggemuk
penggemukkk,penggemuk
pengn,ingin
pengumumangrosir,pengumuman grosir
peninggiiii,peninggi
penuhh,penuh
penuhhhh,penuh
perasaaan,perasaan
perdandata,perdana data
perfect,sempurna
perfecto,sempurna
pergidan,pergi dan
pergisemoga,pergi semoga
permpuan,perempuan
pernh,pernah
personaaanya,pesonanya
petcah,pecah
peyok,penyok
pgn,ingin
pideo,video
pihaksyedih,pihak sedih
pikirin,pikirkan
pingin,ingin
pisan,sekali
pkai,pakai
pke,pakai
pkir,pikir
please,aku mohon
pling,paling
pliss,saya mohon
plisssss,saya mohon
pngen,ingin
pngn,ingin
pntes,pantas
pnting,penting
poor,miskin
positive,positif
poto,foto
ppeellaannggssiinnggx,pelangsing
ppeellaannggssiinnnggx,pelangsing
ppeemmmuuttiiihhh,pemutih
ppeemmuuttiihh,pemutih
ppt,presentasi
prankngetroll,prank ngetroll
pray,berdoa
price,harga
prihal,perihal
prnh,pernah
produkk,produk
produkkk,produk
profile,profil
profill,profil
profilll,profil
promo,promosi
promoo,promosi
promooo,promo
prooduk,produk
ptn,perguruan tinggi negri
public,publik
pulak,pula
pulasehat,pula sehat
punyaa,punya
punyaaa,punya
pure,asli
putihh,putih
putihh,putih
putihhh,putih
putiiihhh,putih
puunnyaa,punya
puunnyaaa,punya
puunyaa,punya
puunyaaa,punya
qm,kamu
qontol,kontol
qu,aku
rai,wajah
raimu,wajahmu
rajatapi,raja tapi
rajinada,rajin ada
rambutcepet,rambut cepat
ramerame,ramai-ramai
rammang,remang remang
raos,mantap
rb,ribu
rban,ribuan
rbu,ribu
ready,siap
really,sungguh
regrat,menyesal
repeal,ulang kembali
repeat,ulang
respect,menghormati
riliss,rilis
rinkoq,rin kok
rinn,karin
rinnnn,rin
rp,rupiah
rsj,rumah sakit jiwa
saa,bisa
saaa,bisa
saamaa,sama
sabarr,sabar
sabarrrr,sabar
sadaap,sedap
salat,shalat
sale,jual
sam,sama
samaan,sama
samaignya,sama instagramnya
samasama,sama sama
sambungtatoan,sambung tatoan
sampaaii,sampai
sampahindonesia,sampah indonesia
sampe,sampai
sampe,sampai
sange,terangsang
sangean,terangsang
santuy,santai
sarap,sinting
sarcasm,sarkasme
sat,bangsat
sattuu,satu
sattuuu,satu
say,mengucapkan
sayangmumakasih,sayangmu terima kasih
sbmptn,seleksi bersama masuk perguruan tinggi negri
sdr,sadar
sebenarnyaayah,sebenarnya ayah
second,setengah pakai
seconds,setengah pakai
secoondd,setengah pakai
secooondddddd,setengah pakkai
sedihh,sedih
seeluruhh,seluruh
seengganya,setidaknya
seinstagram,se instagram
sekalitelanjang,sekalian telanjang
sekolahlanjut,sekolah lanut
seksii,seksi
seksiiii,seksi
selalau,selalu
selebgram,selebritas instagram
selesaijam,selesai jam
self,diri
selucuuu,selucu
seluuruhh,seluruh
semogaa,semoga
semogaaa,semoga
semogga,semoga
semokss,semok
sempurnadah,sempurna sudah
semu,semua
semuaa,semua
sendrii,sendiri
seneng,senang
sensari,sensasi
senyumsemangat,senyum semangat
seorg,seorang
sepatahpatahnya,sepatah patahnya
serame,seramai
seriingg,sering
seriusnanya,serius nanya
serrius,serius
seseorg,seseorang
seseorng,seseorang
shaming,menghina
share,bagikan
sholeha,sholehah
shop,toko
siape,siapa
siasiain,sia siakan
sidekil,si dekil
sihh,sih
siiilahkaan,silahkan
siilahkaan,silahkan
sijelek,si jelek
simple,sederhana
sinii,sini
siniii,sini
sintingg,sinting
sipp,sip
sippgw,sip saya
siuntung,untung
skali,sekali
skarang,sekarang
skrang,sekarang
skrg,sekarang
skrgmelepaskan,sekarang melepaskan
skrng,sekarang
slalu,selalu
slamat,selamat
slli,selalu
sm,sama
sma,sama
smbil,sambil
smga,semoga
smk,sekolah menengah kejuruan
smoga,semoga
smpah,sampah
smpe,sampai
smua,semua
smuaa,semua
so,jadi
so,sangat
soasik,berlagak asik
social,sosial
sok,berlagak
soleha,solehah
solluussii,solusi
solluusssiii,solusi
solussii,solusi
solussiii,solusi
someday,suatu hari
soolusii,kunjungi
soolusiii,solusi
soolusiinyaa,solusinya
soolusiinyaaa,solusinya
soon,segera
sopann,sopan
sopannn,sopan
sorga,surga
sorry,maaf
sosayeti,keadaan sosial
sosmed,sosial media
sosoan,berlagak
special,spesial
spotifyjoox,spotify joox
srius,serius
stock,stok
stronger,orang kuat
stuck,berhenti
su,asu
suapain,suapin
subscribe,langganan
sukaa,suka
sukaaa,suka
sukak,suka
sukange,suka
sulitkini,sulit kini
sulitmengingat,sulit mengingat
sumpahh,sumpah
sumpahini,sumpah ini
support,mendukung
surprose,kejutan
swag,keren
sweet,manis
sweg,keren
swmoga,semoga
sy,saya
syampahh,sampah
syampahhhhhh,sampah
syangkn,sayangkan
syangnya,sayangnya
syedih,sedih
syg,sayang
tabok,menampar
taek,tai
tag,tandai
tahi,tai
taii,tai
taiii,tai
taiiii,tai
taiiik,tai
taiik,tai
tak,tidak
takhta,tahta
tamba,tambah
tanem,tanam
tangisitakdir,tangisi takdir
tanteibujandajilboobsmasmksmpmahasiswi,tante ibu janda jilboob sma smk smp mahasiswi
tanyak,tanya
tapi,tetapi
tapii,tapi
tar,ntar
taroooot,ramalan
taroot,ramalan
tarot,ramalan
tarot,ramalan
tatkala,ketika
tatoan,bertato
tatonya,tatonya
tatonye,tatonya
tatoo,tato
tattoonya,tatonya
tattoonya,tatonya
tay,tai
tayaudah,ya sudah
tbtb,tiba tiba
tdi,tadi
tdk,tidak
teemaan,teman
teerbaikk,terbaik
teerrbaikk,terbaik
teerrrbaikkk,terbaik
telek,tai
temen,teman
temenyang,temen yang
tempt,tempat
tenarranmu,tenaranmu
terampuuhh,terampuh
terampuuhhh,terampuh
terbaiikk,terbaik
terbaiikkkk,terbaik
terbaikkknyaa,terbaiknya
terbaikknyaa,terbaiknya
terbuly,terbully
terharuu,terharu
terharuuuuuuu,terharu
terikasih,terima kasih
terimakasi,terima kasih
terimakasih,terima kasih
terimakasihberkat,terima kasih berkat
terimakasii,terima kasih
terimakaskh,terima kasih
terimaksih,terima kasih
terimkasih,terima kasih
terlihatsayangmu,terlihat sayangmu
ternyta,ternyata
teros,terus
teross,terus
terpercayyaa,terpercaya
terpercayyaaa,terpercaya
terrbaikk,terbaik
teruss,terus
terusss,terus
terwujut,terwujud
testi,testimoni
tgl,tanggal
th,tahun
than,dari
thank,terima kasih
thanks,terima kasih
thankss,terima kasih
thanksss,terima kasih
thankssss,terima kasih
the,yang
think,berfikir
thn,tahun
thnya,tahunnya
thun,tahun
tiati,hati hati
tidakk,tidak
tidakkkk,tidak
tidurlu,tidurmu
tige,tiga
time,waktu
tintaa,tinta
tmpil,tampil
tnggii,tinggi
to,ke
tocil,payudara kecil
together,bersama
tohh,toh
tolax,tolak
tp,tetapi
tpi,tetapi
tq,terima kasih
translate,terjemahkan
trima,terima
trs,terus
trus,terus
tsel,telkomsel
ttg,tentang
ttp,tetap
tu,itu
tubuhh,tubuh
tubuhh,tubuh
tuh,itu
tuhsuruh,itu suruh
tulamg,tukang
tuubuhh,tubuh
tv,televisi
type,tipe
uda,sudah
udah,sudah
udahlah,sudahlah
udh,sudah
uh,sudah
uhh,uh
uhhh,uh
uhhhdrama,uh drama
ujiaan,ujian
ukhtea,ukhti
ukhty,ukhti
ultah,ulang tahun
unbk,ujian nasional berbasis komputer
unch,uh
unchh,uh
unchhhhh,uh
unfaedah,tidak bermanfaat
unfold,membuka
unfollow,batal ikuti
ungkapin,ungkapkan
uniq,unik
uniqburuan,unik buruan
unlimited,tidak terbatas
upload,unggah
ur,kamu
usah,perlu
useless,tidak berguna
ush,usah
utk,untuk
utk,untuk
uwuhh,uwu
uwuhhhhh,uh
verified,terverifikasi
view,lihat
views,lihat
w,gue
wa,whatsapp
wadoooh,waduh
wajjah,wajah
waktugrosir,waktu grosir
walopun,walaupun
waw,wow
we,kita
wedew,waduh
welcome,selamat datang
wesskeren,keren
whaatsaap,whatsapp
what,apa
why,mengapa
wjah,wajah
wkkwkwkwk,wk
wkt,waktu
wkw,wk
wkwjwj,wk
wkwk,wk
wkwkk,wk
wkwkw,wk
wkwkwk,wk
wkwkwkw,wk
wkwkwkwk,wk
wkwkwkwkk,wk
wkwkwkwkwkwk,wk
wkwkwkwmalah,wk malah
wokwok,haha
wooww,wow
woowww,wow
x,kali
xixixixix,wk
y,ya
yaa,ya
yaa,ya
yaaa,ya
yaaa,ya
yaaa,ya
yaaaa,ya
yaaah,ya
yaah,ya
yaamponn,ya ampun
yaamponnnn,ya ampun
yaampunn,ya ampun
yaampunnn,ya ampun
yaang,yang
yach,ya
yaela,ya elah
yaelah,ya elah
yah,ya
yahh,ya
yahhhh,ya
yahilah,ya elah
yailah,ya elah
yajangan,ya jangan
yak,ya
yampuun,ya ampun
yangg,yang
yanglek,younglex
yangleks,younglex
yanglex,younglex
yasemoga,ya semoga
ye,ya
yeahh,ya
yeahhhh,ya
yee,ya
yeee,ya
yg,yang
yhaa,ya
yhaaa,ya
yhahaha,ya haha
yok,ayo
yonglek,younglex
you,kamu
young,younglex
yu,kamu
yuk,ayo
yukk,ayo
yukkk,ayo
yukkkkk,ayo
yutub,youtube
yuu,ayo
yuuk,ayo
yuuu,ayo
z,nya
zinaa,zina
zinah,zina
zizik,jijik
from,dari
wadooh,waduh
yoii,yoi
sahabatqq,sahabatku
dilike,disukai
kecian,kasian
1,satu
2,dua
3,tiga
4,empat
5,lima
6,enam
7,tujuh
8,delapan
9,sembilan
0,kosong
pcs,lembar
zaenabb,zaenab
wd,penarikan
t sel,telkomsel
pr m,promo
stand up,melucu
yong lex,younglex
young lex,younglex
tiinggii,tinggi
lexlex,younglex
kreatip,kreatif
wess,wes
wkekwk,wk
ilahi,illahi
lex,younglex
pelaku nya,pelakunya
nichi pro,nichipro
rin,awkarin
t nggii,tinggi
imp an,impian
or ng,orang
b ik,baik
m u,mau
foll,mengikuti
konsulk n,konsulkan
n,dan
amazing,menakjubkan
lek,younglex
verify,terverifikasi
lol,lucu
huhh,huh
ditv,ditelevisi
mak,mama
securitynya,kemanannya
ngroyok,merundung
mudah an,mudahan
ber suka,bersuka
pansooss,panjat sosial
panjaatt,panjat
dngn,dengan
younglexx,younglex
bknnya,bukannya
mulusnyaa,mulusnya
awkwk,wk
mksh,terima kasih
meng ispirasi,menginspirasi
make up,riasan
by,dari
gaselamanya,tidak selamanya
ud,sudah
